container_1482934124757_0001_01_000002, 1482934550345, 1482934552876
container_1482934124757_0001_01_000003, 1482934554376, 1482934557641
container_1482934124757_0001_01_000004, 1482934554376, 1482934558582
container_1482934124757_0001_01_000005, 1482934560400, 1482934562729
container_1482934124757_0001_01_000006, 1482934564490, 1482934567810
container_1482934124757_0001_01_000007, 1482934564490, 1482934568640
container_1482934124757_0001_01_000008, 1482934570512, 1482934572773
container_1482934124757_0001_01_000009, 1482934570512, 1482934573902
container_1482934124757_0001_01_000010, 1482934574533, 1482934574780
container_1482934124757_0001_01_000011, 1482934576544, 1482934578910
container_1482934124757_0001_01_000012, 1482934576544, 1482934579902
container_1482934124757_0001_01_000013, 1482934583578, 1482934583996
container_1482934124757_0001_01_000014, 1482934586593, 1482934599830
container_1482934124757_0001_01_000015, 1482934586593, 1482934600780
container_1482934124757_0001_01_000016, 1482934601634, 1482934601845
container_1482934124757_0001_01_000017, 1482934602640, 1482934602865
container_1482934124757_0001_01_000019, 1482934603644, 1482934603863
container_1482934124757_0001_01_000020, 1482934604647, 1482934604847
container_1482934124757_0001_01_000022, 1482934606655, 1482934619894
container_1482934124757_0001_01_000021, 1482934606655, 1482934619956
container_1482934124757_0001_01_000024, 1482934620693, 1482934620996
container_1482934124757_0001_01_000023, 1482934620693, 1482934621074
container_1482934124757_0001_01_000025, 1482934621695, 1482934621979
container_1482934124757_0001_01_000026, 1482934621695, 1482934623010
container_1482934124757_0001_01_000027, 1482934623704, 1482934623865
container_1482934124757_0001_01_000029, 1482934624707, 1482934624911
container_1482934124757_0001_01_000030, 1482934625711, 1482934626997
container_1482934124757_0001_01_000031, 1482934625711, 1482934628027
container_1482934124757_0001_01_000032, 1482934628720, 1482934628912
container_1482934124757_0001_01_000033, 1482934630727, 1482934632024
container_1482934124757_0001_01_000034, 1482934630727, 1482934632942
container_1482934124757_0001_01_000035, 1482934633740, 1482934633976
container_1482934124757_0001_01_000036, 1482934635746, 1482934637127
container_1482934124757_0001_01_000028, 1482934637751, 1482934638119
container_1482934124757_0001_01_000038, 1482934638755, 1482934639262
container_1482934124757_0001_01_000039, 1482934640760, 1482934641237
container_1482934124757_0001_01_000040, 1482934640760, 1482934641982
container_1482934124757_0001_01_000041, 1482934642771, 1482934643028
container_1482934124757_0001_01_000042, 1482934643773, 1482934643955
container_1482934124757_0001_01_000043, 1482934645781, 1482934646142
container_1482934124757_0001_01_000044, 1482934646784, 1482934647037
container_1482934124757_0001_01_000045, 1482934649793, 1482934742019
container_1482934124757_0001_01_000047, 1482934649793, 1482934742991
container_1482934124757_0001_01_000048, 1482934649793, 1482934743974
container_1482934124757_0001_01_000049, 1482934649793, 1482934744964
container_1482934124757_0001_01_000050, 1482934649793, 1482934746030
container_1482934124757_0001_01_000051, 1482934649793, 1482934747020
container_1482934124757_0001_01_000053, 1482934747980, 1482934753385
