100005, Sat Feb 04 02:36:27 MST 2017, Sat Feb 04 02:36:39 MST 2017, 167508, 179273, Sat Feb 04 02:39:26 MST 2017
100001, Sat Feb 04 02:36:27 MST 2017, Sat Feb 04 02:36:39 MST 2017, 246425, 258114, Sat Feb 04 02:40:45 MST 2017
0, Sat Feb 04 02:40:24 MST 2017, Sat Feb 04 02:40:31 MST 2017, 82586, 89677, Sat Feb 04 02:41:54 MST 2017
10, Sat Feb 04 02:41:14 MST 2017, Sat Feb 04 02:41:21 MST 2017, 91725, 98972, Sat Feb 04 02:42:53 MST 2017
20, Sat Feb 04 02:42:04 MST 2017, Sat Feb 04 02:42:16 MST 2017, 104524, 115930, Sat Feb 04 02:44:00 MST 2017
1, Sat Feb 04 02:42:54 MST 2017, Sat Feb 04 02:43:02 MST 2017, 154522, 162345, Sat Feb 04 02:45:37 MST 2017
11, Sat Feb 04 02:43:05 MST 2017, Sat Feb 04 02:43:13 MST 2017, 167321, 175070, Sat Feb 04 02:46:00 MST 2017
21, Sat Feb 04 02:43:05 MST 2017, Sat Feb 04 02:43:50 MST 2017, 151637, 196273, Sat Feb 04 02:46:22 MST 2017
2, Sat Feb 04 02:45:25 MST 2017, Sat Feb 04 02:45:32 MST 2017, 140584, 147745, Sat Feb 04 02:47:52 MST 2017
12, Sat Feb 04 02:44:54 MST 2017, Sat Feb 04 02:45:35 MST 2017, 159640, 200116, Sat Feb 04 02:48:14 MST 2017
22, Sat Feb 04 02:44:04 MST 2017, Sat Feb 04 02:45:38 MST 2017, 190541, 284059, Sat Feb 04 02:48:49 MST 2017
23, Sat Feb 04 02:45:05 MST 2017, Sat Feb 04 02:45:38 MST 2017, 279921, 313287, Sat Feb 04 02:50:18 MST 2017
3, Sat Feb 04 02:47:54 MST 2017, Sat Feb 04 02:48:03 MST 2017, 153561, 161635, Sat Feb 04 02:50:36 MST 2017
13, Sat Feb 04 02:46:44 MST 2017, Sat Feb 04 02:47:51 MST 2017, 181378, 247497, Sat Feb 04 02:50:52 MST 2017
24, Sat Feb 04 02:46:05 MST 2017, Sat Feb 04 02:49:58 MST 2017, 118504, 351373, Sat Feb 04 02:51:56 MST 2017
4, Sat Feb 04 02:50:26 MST 2017, Sat Feb 04 02:50:34 MST 2017, 160730, 168941, Sat Feb 04 02:53:14 MST 2017
14, Sat Feb 04 02:48:35 MST 2017, Sat Feb 04 02:50:26 MST 2017, 172214, 283303, Sat Feb 04 02:53:18 MST 2017
25, Sat Feb 04 02:47:04 MST 2017, Sat Feb 04 02:49:58 MST 2017, 269119, 442279, Sat Feb 04 02:54:27 MST 2017
15, Sat Feb 04 02:50:26 MST 2017, Sat Feb 04 02:50:33 MST 2017, 252713, 260102, Sat Feb 04 02:54:46 MST 2017
5, Sat Feb 04 02:52:55 MST 2017, Sat Feb 04 02:53:08 MST 2017, 169865, 182930, Sat Feb 04 02:55:58 MST 2017
26, Sat Feb 04 02:48:05 MST 2017, Sat Feb 04 02:49:58 MST 2017, 377482, 490616, Sat Feb 04 02:56:15 MST 2017
16, Sat Feb 04 02:52:15 MST 2017, Sat Feb 04 02:54:41 MST 2017, 157359, 303636, Sat Feb 04 02:57:18 MST 2017
6, Sat Feb 04 02:55:25 MST 2017, Sat Feb 04 02:55:54 MST 2017, 158263, 187446, Sat Feb 04 02:58:32 MST 2017
27, Sat Feb 04 02:49:05 MST 2017, Sat Feb 04 02:49:58 MST 2017, 516686, 569856, Sat Feb 04 02:58:35 MST 2017
17, Sat Feb 04 02:54:05 MST 2017, Sat Feb 04 02:54:41 MST 2017, 258934, 294912, Sat Feb 04 02:59:00 MST 2017
7, Sat Feb 04 02:57:55 MST 2017, Sat Feb 04 02:58:21 MST 2017, 140516, 166542, Sat Feb 04 03:00:41 MST 2017
28, Sat Feb 04 02:50:05 MST 2017, Sat Feb 04 02:58:16 MST 2017, 161133, 651969, Sat Feb 04 03:00:57 MST 2017
18, Sat Feb 04 02:55:55 MST 2017, Sat Feb 04 02:58:56 MST 2017, 182719, 363436, Sat Feb 04 03:01:58 MST 2017
29, Sat Feb 04 02:51:05 MST 2017, Sat Feb 04 02:58:16 MST 2017, 245019, 675917, Sat Feb 04 03:02:21 MST 2017
8, Sat Feb 04 03:00:25 MST 2017, Sat Feb 04 03:00:36 MST 2017, 150397, 162015, Sat Feb 04 03:03:07 MST 2017
19, Sat Feb 04 02:57:45 MST 2017, Sat Feb 04 02:58:56 MST 2017, 271015, 342140, Sat Feb 04 03:03:27 MST 2017
9, Sat Feb 04 03:02:55 MST 2017, Sat Feb 04 03:03:03 MST 2017, 77420, 85473, Sat Feb 04 03:04:21 MST 2017
100007, Sat Feb 04 02:36:27 MST 2017, Sat Feb 04 02:36:39 MST 2017, 1671218, 1683024, Sat Feb 04 03:04:30 MST 2017
100003, Sat Feb 04 02:36:28 MST 2017, Sat Feb 04 02:36:39 MST 2017, 1826599, 1837668, Sat Feb 04 03:07:05 MST 2017
100002, Sat Feb 04 02:36:28 MST 2017, Sat Feb 04 02:36:39 MST 2017, 1916134, 1927676, Sat Feb 04 03:08:35 MST 2017
100006, Sat Feb 04 02:36:28 MST 2017, Sat Feb 04 02:36:39 MST 2017, 1926311, 1937734, Sat Feb 04 03:08:45 MST 2017
100000, Sat Feb 04 02:36:28 MST 2017, Sat Feb 04 02:36:39 MST 2017, 2002654, 2013826, Sat Feb 04 03:10:02 MST 2017
100004, Sat Feb 04 02:36:28 MST 2017, Sat Feb 04 02:36:39 MST 2017, 2084555, 2095611, Sat Feb 04 03:11:23 MST 2017
100011, Sat Feb 04 02:39:07 MST 2017, Sat Feb 04 03:09:53 MST 2017, 131604, 1977365, Sat Feb 04 03:12:04 MST 2017
100014, Sat Feb 04 02:39:07 MST 2017, Sat Feb 04 03:09:53 MST 2017, 223617, 2069077, Sat Feb 04 03:13:36 MST 2017
100010, Sat Feb 04 02:39:08 MST 2017, Sat Feb 04 03:09:53 MST 2017, 341720, 2186910, Sat Feb 04 03:15:35 MST 2017
100009, Sat Feb 04 02:39:08 MST 2017, Sat Feb 04 03:09:53 MST 2017, 453846, 2299226, Sat Feb 04 03:17:27 MST 2017
100012, Sat Feb 04 02:39:08 MST 2017, Sat Feb 04 03:09:53 MST 2017, 503032, 2347984, Sat Feb 04 03:18:16 MST 2017
100013, Sat Feb 04 02:39:08 MST 2017, Sat Feb 04 03:09:53 MST 2017, 536216, 2381115, Sat Feb 04 03:18:49 MST 2017
100015, Sat Feb 04 02:39:08 MST 2017, Sat Feb 04 03:09:53 MST 2017, 591768, 2436910, Sat Feb 04 03:19:45 MST 2017
100008, Sat Feb 04 02:39:08 MST 2017, Sat Feb 04 03:09:53 MST 2017, 719837, 2565018, Sat Feb 04 03:21:53 MST 2017
100019, Sat Feb 04 02:41:37 MST 2017, Sat Feb 04 03:09:53 MST 2017, 750675, 2446835, Sat Feb 04 03:22:24 MST 2017
100016, Sat Feb 04 02:41:37 MST 2017, Sat Feb 04 03:09:53 MST 2017, 878521, 2574567, Sat Feb 04 03:24:32 MST 2017
100018, Sat Feb 04 02:41:38 MST 2017, Sat Feb 04 03:09:54 MST 2017, 890589, 2586660, Sat Feb 04 03:24:44 MST 2017
100017, Sat Feb 04 02:41:38 MST 2017, Sat Feb 04 03:09:53 MST 2017, 1034144, 2729778, Sat Feb 04 03:27:07 MST 2017
